{
  "value0": {
      "T_imu_cam": [
          {
              "px": 0.000020678112539522967,
              "py": -0.07328327514542316,
              "pz": -0.010707410059594287,
              "qx": 0.700562945915537,
              "qy": 0.7135878204136456,
              "qz": 0.0009323271551188824,
              "qw": -0.0017641240100695092
          },
          {
              "px": -0.0014284168436140743,
              "py": 0.0023884882980332729,
              "pz": -0.01078216080584471,
              "qx": 0.7024876176836694,
              "qy": 0.7116943785255412,
              "qz": 0.0012479169265252838,
              "qw": -0.0008374243912278957
          }
      ],
      "intrinsics": [
          {
              "camera_type": "kb4",
              "intrinsics": {
                  "fx": 567.0565388306142,
                  "fy": 567.4106381087078,
                  "cx": 659.5960944447955,
                  "cy": 392.34280488107768,
                  "k1": -0.0009286277183272519,
                  "k2": 0.0014553687414433966,
                  "k3": 0.004267887775821085,
                  "k4": -0.0015333496245888209
              }
          },
          {
              "camera_type": "kb4",
              "intrinsics": {
                  "fx": 567.168476430267,
                  "fy": 567.517036740589,
                  "cx": 657.5210991378423,
                  "cy": 420.4402402532014,
                  "k1": -0.0070747059589590199,
                  "k2": 0.016988915241752807,
                  "k3": -0.010009379706135549,
                  "k4": 0.002563353547350635
              }
          }
      ],
      "resolution": [
          [
              1280,
              800
          ],
          [
              1280,
              800
          ]
      ],
      "calib_accel_bias": [
          0.2353616868199343,
          -0.06333462575138334,
          -0.1810655443292858,
          -0.0010133333893133582,
          0.01417284135305972,
          -0.0023683598727064034,
          -0.00017248150958196288,
          0.028310910962151306,
          -0.004740894352935075
      ],
      "calib_gyro_bias": [
          -0.0023398453511837768,
          -0.003048986436566257,
          -0.0005752404709244964,
          0.004129923555120858,
          0.0176584222576344,
          0.0037740163491320284,
          -0.018324692265330426,
          0.0045568771984288518,
          0.002340760528560002,
          -0.0021655414720573187,
          -0.003922358733347847,
          0.0042975237392360288
      ],
      "imu_update_rate": 249.82153374183313,
      "accel_noise_std": [
          0.016,
          0.016,
          0.016
      ],
      "gyro_noise_std": [
          0.000282,
          0.000282,
          0.000282
      ],
      "accel_bias_std": [
          0.001,
          0.001,
          0.001
      ],
      "gyro_bias_std": [
          0.0001,
          0.0001,
          0.0001
      ],
      "cam_time_offset_ns": 2011205,
      "vignette": []
  }
}