{"value0": {"T_imu_cam": [{"px": -0.0016817075950567965, "py": -0.07271443228832228, "pz": -0.012130515116973491, "qx": 0.703354054019785, "qy": 0.710834106824278, "qz": -0.0021395717456921264, "qw": -0.0018356203336694454}, {"px": -0.003060660989324773, "py": 0.0024832545652766092, "pz": -0.012392460726124098, "qx": 0.7033089781942622, "qy": 0.7108814949837193, "qz": -0.0015693985860610687, "qw": -0.0012321806414562371}], "intrinsics": [{"camera_type": "kb4", "intrinsics": {"fx": 284.4062645539727, "fy": 284.615735432139, "cx": 313.5169506182534, "cy": 204.54855293895764, "k1": 0.0015538941818781327, "k2": -0.0032346290453864417, "k3": 0.009102698465018065, "k4": -0.003915900898365791}}, {"camera_type": "kb4", "intrinsics": {"fx": 280.08078388555646, "fy": 280.4805043414015, "cx": 316.10995657944574, "cy": 214.35056149780354, "k1": 0.003833699214865633, "k2": 0.001560097341129508, "k3": 0.0038202665854364507, "k4": -0.0013045651702486417}}], "resolution": [[1280, 800], [1280, 800]], "calib_accel_bias": [0.7868826114783192, 0.04631563211897994, -0.05239355852676124, -0.011871505192185194, 0.015668706140944455, -0.005232968979197509, -0.010282735051483149, 0.012286648168897305, -0.007597094523861926], "calib_gyro_bias": [0.0015013193794154787, -0.0010304521521301816, -0.00047459600940889227, 0.0017739630288284595, 0.015195503525345568, -0.0019420159736669132, -0.016582195792873292, 0.0020335322528418818, 0.002426617303586532, 0.001312139427849904, -0.0005334468939718293, 0.003180451787495385], "imu_update_rate": 249.1027629855713, "accel_noise_std": [0.016, 0.016, 0.016], "gyro_noise_std": [0.000282, 0.000282, 0.000282], "accel_bias_std": [0.001, 0.001, 0.001], "gyro_bias_std": [0.0001, 0.0001, 0.0001], "cam_time_offset_ns": 2060941, "vignette": []}}