{
    "value0": {
        "T_imu_cam": [
            {
                "px": 0.0,
                "py": 0.0,
                "pz": 0.0,
                "qx": 0.0,
                "qy": 0.0,
                "qz": 0.0,
                "qw": 1.0
            },
            {
                "px": 0.07526115579809924,
                "py": -0.000248848058537827,
                "pz": 0.00029897760422732775,
                "qx": 0.0008061482556326874,
                "qy": -0.0026904052201185779,
                "qz": -0.0012384556003857777,
                "qw": 0.9999952890251371
            }
        ],
        "intrinsics": [
            {
                "camera_type": "kb4",
                "intrinsics": {
                    "fx": 567.901253195655,
                    "fy": 568.240196665968,
                    "cx": 643.5305887842361,
                    "cy": 425.647633145129,
                    "k1": -0.0024193692095955609,
                    "k2": 0.0085148750886711,
                    "k3": -0.003221125817729742,
                    "k4": 0.0004702819923006597
                }
            },
            {
                "camera_type": "kb4",
                "intrinsics": {
                    "fx": 563.7879260681006,
                    "fy": 563.9289792023159,
                    "cx": 637.0336017548851,
                    "cy": 389.8745379777253,
                    "k1": 0.004913703996510486,
                    "k2": -0.006221128161472995,
                    "k3": 0.01067541597202321,
                    "k4": -0.003486130035322021
                }
            }
        ],
        "resolution": [
            [
                1280,
                800
            ],
            [
                1280,
                800
            ]
        ],
        "calib_accel_bias": [
            0.0,
            0.0,
            0.0,
            0.0,
            0.0,
            0.0,
            0.0,
            0.0,
            0.0
        ],
        "calib_gyro_bias": [
            0.0,
            0.0,
            0.0,
            0.0,
            0.0,
            0.0,
            0.0,
            0.0,
            0.0,
            0.0,
            0.0,
            0.0
        ],
        "imu_update_rate": 200.0,
        "accel_noise_std": [
            0.016,
            0.016,
            0.016
        ],
        "gyro_noise_std": [
            0.000282,
            0.000282,
            0.000282
        ],
        "accel_bias_std": [
            0.001,
            0.001,
            0.001
        ],
        "gyro_bias_std": [
            0.0001,
            0.0001,
            0.0001
        ],
        "cam_time_offset_ns": 0,
        "vignette": []
    }
}