{
    "value0": {
        "T_imu_cam": [
            {
                "px": -0.00018395759507071368,
                "py": -0.07095392071212524,
                "pz": -0.014017599843760458,
                "qx": 0.7043414273905756,
                "qy": 0.709858828286823,
                "qz": 0.0018952401267005645,
                "qw": 0.00007503017719169704
            },
            {
                "px": -0.000994053728816264,
                "py": 0.004346913746918709,
                "pz": -0.014196352160877928,
                "qx": 0.7034632174415823,
                "qy": 0.710729623903578,
                "qz": -0.0006393308297364492,
                "qw": 0.001579452027115983
            }
        ],
        "intrinsics": [
            {
                "camera_type": "kb4",
                "intrinsics": {
                    "fx": 567.901253195655,
                    "fy": 568.240196665968,
                    "cx": 643.5305887842361,
                    "cy": 425.647633145129,
                    "k1": -0.0024193692095955609,
                    "k2": 0.0085148750886711,
                    "k3": -0.003221125817729742,
                    "k4": 0.0004702819923006597
                }
            },
            {
                "camera_type": "kb4",
                "intrinsics": {
                    "fx": 563.7879260681006,
                    "fy": 563.9289792023159,
                    "cx": 637.0336017548851,
                    "cy": 389.8745379777253,
                    "k1": 0.004913703996510486,
                    "k2": -0.006221128161472995,
                    "k3": 0.01067541597202321,
                    "k4": -0.003486130035322021
                }
            }
        ],
        "resolution": [
            [
                1280,
                800
            ],
            [
                1280,
                800
            ]
        ],
        "calib_accel_bias": [
            0.17237986531481118,
            -0.10898636782178704,
            -0.2692160313975849,
            0.00838691770174505,
            0.022475512315989534,
            -0.002401589710304331,
            0.020450229248988,
            0.021207251845307755,
            -0.004281419635107513
        ],
        "calib_gyro_bias": [
            0.0027329046499156557,
            -0.003354333069831911,
            -0.0018156035318534802,
            -0.01708999182006446,
            0.01896729348390614,
            0.006527891454682614,
            -0.00822002689532144,
            -0.01644895522043457,
            -0.009376690217375496,
            0.006348615833155244,
            -0.0026862771895341094,
            0.0009716340196472506
        ],
        "imu_update_rate": 249.44591825407825,
        "accel_noise_std": [
            0.016,
            0.016,
            0.016
        ],
        "gyro_noise_std": [
            0.000282,
            0.000282,
            0.000282
        ],
        "accel_bias_std": [
            0.001,
            0.001,
            0.001
        ],
        "gyro_bias_std": [
            0.0001,
            0.0001,
            0.0001
        ],
        "cam_time_offset_ns": 2028255,
        "vignette": []
    }
}