{
    "value0": {
        "T_imu_cam": [
            {
                "px": -0.0016817075950567966,
                "py": -0.07271443228832228,
                "pz": -0.012130515116973492,
                "qx": 0.703354054019785,
                "qy": 0.710834106824278,
                "qz": -0.0021395717456921265,
                "qw": -0.0018356203336694455
            },
            {
                "px": -0.003060660989324773,
                "py": 0.0024832545652766094,
                "pz": -0.012392460726124098,
                "qx": 0.7033089781942622,
                "qy": 0.7108814949837193,
                "qz": -0.0015693985860610687,
                "qw": -0.0012321806414562372
            }
        ],
        "intrinsics": [
            {
                "camera_type": "kb4",
                "intrinsics": {
                    "fx": 568.8125291079454,
                    "fy": 569.231470864278,
                    "cx": 627.0339012365068,
                    "cy": 409.0971058779153,
                    "k1": 0.0015538941818781327,
                    "k2": -0.0032346290453864419,
                    "k3": 0.009102698465018065,
                    "k4": -0.003915900898365791
                }
            },
            {
                "camera_type": "kb4",
                "intrinsics": {
                    "fx": 560.1615677711129,
                    "fy": 560.961008682803,
                    "cx": 632.2199131588915,
                    "cy": 428.7011229956071,
                    "k1": 0.003833699214865633,
                    "k2": 0.001560097341129508,
                    "k3": 0.0038202665854364509,
                    "k4": -0.0013045651702486418
                }
            }
        ],
        "resolution": [
            [
                1280,
                800
            ],
            [
                1280,
                800
            ]
        ],
        "calib_accel_bias": [
            0.7868826114783192,
            0.04631563211897994,
            -0.05239355852676124,
            -0.011871505192185194,
            0.015668706140944456,
            -0.005232968979197509,
            -0.010282735051483149,
            0.012286648168897305,
            -0.007597094523861926
        ],
        "calib_gyro_bias": [
            0.0015013193794154788,
            -0.0010304521521301816,
            -0.00047459600940889227,
            0.0017739630288284596,
            0.015195503525345569,
            -0.0019420159736669133,
            -0.016582195792873294,
            0.0020335322528418819,
            0.002426617303586532,
            0.001312139427849904,
            -0.0005334468939718293,
            0.003180451787495385
        ],
        "imu_update_rate": 249.1027629855713,
        "accel_noise_std": [
            0.016,
            0.016,
            0.016
        ],
        "gyro_noise_std": [
            0.000282,
            0.000282,
            0.000282
        ],
        "accel_bias_std": [
            0.001,
            0.001,
            0.001
        ],
        "gyro_bias_std": [
            0.0001,
            0.0001,
            0.0001
        ],
        "cam_time_offset_ns": 2060941,
        "vignette": []
    }
}