{
    "value0": {
        "T_imu_cam": [
            {
                "px": 0.0,
                "py": 0.0,
                "pz": 0.0,
                "qx": 0.0,
                "qy": 0.0,
                "qz": 0.0,
                "qw": 1.0
            },
            {
                "px": 0.07523598329498498,
                "py": -0.000556741434807794,
                "pz": -0.000044416699720756467,
                "qx": -0.0010707704083798952,
                "qy": -0.00022885966438102221,
                "qz": -0.000040346245429735047,
                "qw": 0.9999993997229034
            }
        ],
        "intrinsics": [
            {
                "camera_type": "kb4",
                "intrinsics": {
                    "fx": 568.8125291079454,
                    "fy": 569.231470864278,
                    "cx": 627.0339012365068,
                    "cy": 409.0971058779153,
                    "k1": 0.0015538941818781327,
                    "k2": -0.0032346290453864419,
                    "k3": 0.009102698465018065,
                    "k4": -0.003915900898365791
                }
            },
            {
                "camera_type": "kb4",
                "intrinsics": {
                    "fx": 560.1615677711129,
                    "fy": 560.961008682803,
                    "cx": 632.2199131588915,
                    "cy": 428.7011229956071,
                    "k1": 0.003833699214865633,
                    "k2": 0.001560097341129508,
                    "k3": 0.0038202665854364509,
                    "k4": -0.0013045651702486418
                }
            }
        ],
        "resolution": [
            [
                1280,
                800
            ],
            [
                1280,
                800
            ]
        ],
        "calib_accel_bias": [
            0.0,
            0.0,
            0.0,
            0.0,
            0.0,
            0.0,
            0.0,
            0.0,
            0.0
        ],
        "calib_gyro_bias": [
            0.0,
            0.0,
            0.0,
            0.0,
            0.0,
            0.0,
            0.0,
            0.0,
            0.0,
            0.0,
            0.0,
            0.0
        ],
        "imu_update_rate": 200.0,
        "accel_noise_std": [
            0.016,
            0.016,
            0.016
        ],
        "gyro_noise_std": [
            0.000282,
            0.000282,
            0.000282
        ],
        "accel_bias_std": [
            0.001,
            0.001,
            0.001
        ],
        "gyro_bias_std": [
            0.0001,
            0.0001,
            0.0001
        ],
        "cam_time_offset_ns": 0,
        "vignette": []
    }
}