{
    "value0": {
        "T_imu_cam": [
            {
                "px": 0.00023350786299215385,
                "py": -0.07118789811702768,
                "pz": -0.011817411520689556,
                "qx": 0.7035720881405791,
                "qy": 0.7106025767014579,
                "qz": -0.0006564668764940622,
                "qw": 0.005464780507379451
            },
            {
                "px": -0.0009612570161401642,
                "py": 0.002018368010206848,
                "pz": -0.012114747377358668,
                "qx": 0.702167216963854,
                "qy": 0.7120096133208219,
                "qz": 0.0010840773727197003,
                "qw": 0.0015279843650206767
            }
        ],
        "intrinsics": [
            {
                "camera_type": "kb4",
                "intrinsics": {
                    "fx": 282.2021995973027,
                    "fy": 282.43370584845436,
                    "cx": 315.0460137827002,
                    "cy": 205.14377489740793,
                    "k1": 0.013368677941552087,
                    "k2": -0.01939696955039549,
                    "k3": 0.024436890765194075,
                    "k4": -0.008948156925092198
                }
            },
            {
                "camera_type": "kb4",
                "intrinsics": {
                    "fx": 283.0196454421933,
                    "fy": 283.2857500977139,
                    "cx": 328.0444225917516,
                    "cy": 196.7489470326103,
                    "k1": 0.012663388449338446,
                    "k2": -0.023339208967313286,
                    "k3": 0.028125601141027497,
                    "k4": -0.00961157574585192
                }
            }
        ],
        "resolution": [
            [
                640,
                400
            ],
            [
                640,
                400
            ]
        ],
        "calib_accel_bias": [
            0.20638151221821586,
            -0.03625882780211748,
            -0.27271892626803248,
            -0.06844511481820276,
            0.012753924166437406,
            -0.0025379409646905917,
            -0.053843443309864329,
            0.020284771225660009,
            -0.05990235759885142
        ],
        "calib_gyro_bias": [
            0.002342560983636211,
            -0.0011992702379033812,
            -0.00032834572484727965,
            0.0006828543779693969,
            0.021519500871787377,
            -0.000710708484215816,
            -0.020244645225420005,
            -0.005848391657859991,
            0.002764865919338498,
            -0.000465998101889152,
            -0.0028542892580564768,
            -0.0033367536219862479
        ],
        "imu_update_rate": 250.26496803490697,
        "accel_noise_std": [
            0.016,
            0.016,
            0.016
        ],
        "gyro_noise_std": [
            0.000282,
            0.000282,
            0.000282
        ],
        "accel_bias_std": [
            0.001,
            0.001,
            0.001
        ],
        "gyro_bias_std": [
            0.0001,
            0.0001,
            0.0001
        ],
        "cam_time_offset_ns": 1182944,
        "vignette": []
    }
}